NAME_O,ORIGX,ORIGY,NAME_D,DSTNX,DSTNY
"69, Kalayaan B Gulob, Batasan Hills, QC",14.69186,121.088226,Commonwealth Market,14.682,121.08509
"65, Kasipagan St.-Gulod Kalayaan B, Batasan Hills, QC",14.69186,121.08823,Marikina Market,14.68472,121.09774
"16, Kasipagan Gulod, Kalayaan B, Batasan Hills, QC",14.69186,121.08823,"Divisioria, Metro Manila",14.58226,120.9748
"59 Kasipagan St, Gulod Kalayaan B, Batasan Hills, QC",14.69186,121.08823,"Commonwealth Market, Commonwealth Ave, QC",14.682,121.08509
"91 Kasipagan St, Gulod, BH, QC",14.6815,121.10906,Commonwealth Market,14.682,121.08509
"87 Kasipagan St, Gulod, BH, QC",14.68608,121.0948,"Commonwealth Market, Commonwealth Ave, QC",14.682,121.08509
"35 Kaibigan St, Kalayaan B, BH, QC",14.69186,121.08823,Commonwealth Market,14.682,121.08509
"Blk7 Lot17 Kasipagan St., Gulod, Kalayaan B, BH, QC",14.69186,121.08823,"Talipapa, QC",14.68472,121.09774
"35 Kasipagan St. Gulob Kalayaan B, BH QC",14.69186,121.08823,Commonwealth Market,14.682,121.08509
"118 Pangasinan St., BH, QC",14.68647,121.0929,Kasiyahan Talipapa,14.68748,121.09312
"48C Kasiyahan St., BH, QC",14.68748,121.09312,"Kasiyahan St., Talipapa",14.68748,121.09312
"B2L5 Kasayahan St., BH, QC",14.68748,121.09312,"Tanod Outpost, Upper Kasayahan",14.68748,121.09312
"76 Pangasinan St., BH, QC",14.68673,121.09366,"Talipapa, Kasayahan St.",14.68748,121.09312
"49 Kasayahan St., BH, QC",14.68748,121.09312,"Talipapa, Kasayahan St.",14.68748,121.09312
"121 Pangasinan St., Luzviminda Village, BH, QC",14.68647,121.0929,"BPSO, Luzon St.",14.68492,121.0915
"36 Pangasinan St., BH, QC",14.68672,121.09444,St. Peter Parish / Don Antonio Heights,14.68057,121.09355
"52-A Rodman St., BH, QC",14.68885,121.10784,"Talipapa, Kagawad Road",14.68205,121.09848
"11 Rodman St., BH, QC",14.68436,121.10922,"Manggahan, Commonwealth",14.682,121.08509
"96 Area A, Kalanay St., BH, QC",14.68634,121.09501,Constitution Market,14.69064,121.09661
"108-A Lakatan St, Kalanay, BH, QC",14.68918,121.09961,Tivoli Greens Subd,14.68472,121.09774
"122 Lakatan St. Area A, BH, QC",14.68057,121.09355,"Ermita, Manila",14.58681,120.98084
"59 Lakatan St., Area A, BH, QC",14.67991,121.10617,Commonwealth Market,14.682,121.08509
"51 Lakatan St., Area A, BH, QC",14.68021,121.10586,Commonwealth Market,14.682,121.08509
"120 Lakatan St., Area A, BH, QC",14.68057,121.09355,Area B Market,14.68472,121.09774
"35 Lakatan St., Area A, BH, QC",14.68444,121.09316,Area B Market,14.68472,121.09774
"80 Rodman St., Talanay Area A1, BH, QC",14.68233,121.10793,"Palengke, Sto Nino St.",14.68484,121.10236
"36 Rodman St., Sto Nino, Talanay, BH, QC",14.68484,121.10236,"Manggahan, Commonwealth",14.682,121.08509
"79 Rodman St., Area A A-1, BH, QC",14.62965,121.02083,Taguig,14.52941,121.07102
"51 Rodman St., Area A, BH, QC",14.68021,121.10586,"Palengke, Kagawad Road",14.68205,121.09848
"89 Lakatan St., BH, QC",14.68613,121.09484,"Palengke, Kagawad Road",14.68205,121.09848
"119C Lakatan St., Talanay A, BH, QC",14.68057,121.09355,"Talipapa, Area B, Talanay",14.68472,121.09774
"39C Lakatan St., Talanay, BH, QC",14.68964,121.10602,"Talipapa, Talanay",14.68472,121.09774
"101B Lakatan St., Talanay A, BH, QC",14.67637,121.10399,"Talipapa, Sandigan",14.68472,121.09774
"111 Lakatan St., BH, QC",14.68057,121.09355,"Southstar Drug, Bagong Silang",14.68034,121.08698
"54 Kasayahan St., BH, QC",14.68748,121.09312,"San Diego Elementary School, Batasan",14.69064,121.09661
"48 Kasayahan St., BH, QC",14.68748,121.09312,"Talipapa, Kasayahan",14.68748,121.09312
"02-111B Pangasinan St., Luzviminda Village, BH, QC",14.68647,121.0929,Kasayahan Market,14.68748,121.09312
"17 Kasayahan St, BH, QC",14.68748,121.09312,"Talipapa, Kasayahan St",14.68748,121.09312
"90 Kasipagang Gulod, Kalayaan B, BH, QC",14.69186,121.08823,St. Peter Parish,14.68057,121.09355
"29, Jasmin St., BH, QC",14.71634,121.02751,"Talipapa, Ilang-ilang St.",14.68479,121.08861
"3 Kalayaan D, BH, QC",14.68878,121.09298,"Manggahan, Commonwealth Ave",14.682,121.08509
"187 Kalayaan B, BH, QC",14.69181,121.08782,"Manggahan, Commonwealth",14.682,121.08509
"76 Kaibigan St., BH, QC",14.68673,121.09366,Kalayaan B,14.68472,121.09774
"58 Sitio Kalayaan B, BH, QC",14.69186,121.08823,"Manggahan, Commonwealth",14.682,121.08509
"122 Lakatan st., Talanay Area A, BH, QC",14.68057,121.09355,"Talipapa, Area B, BH, QC",14.68472,121.09774
"122 Lakatan sr., Talanay, BH, QC",14.68057,121.09355,Commonwealth Market,14.682,121.08509
"33 Lakatan st.,Talanay, Bh, QC",14.69044,121.10705,"Talipapa, Sto Niño",14.68484,121.10236
"39B Lakatan st.,Area A, Talanay, Bh, QC",14.68964,121.10602,"Area B, Talipapa",14.68472,121.09774
"41 Rodman st.,BH,QC",14.69162,121.10755,Consti Market,14.69064,121.09661
"46 Rodman st., BH,QC",14.68364,121.11047,Consti Palengke,14.69064,121.09661
"19 Rodman st., BH, QC",14.68436,121.10922,"Area B, Palengke",14.68472,121.09774
"33 Rodman st., BH, QC",14.69044,121.10705,"Area B, Palengke",14.68472,121.09774
"41 Rodman st.,BH, QC",14.69162,121.10755,Puregold Batasan,14.68472,121.09774
"95 Rodman St.,Talanay Area A1, Batasan Hills, Quezon City",14.67657,121.10419,Commonwealth Market,14.682,121.08509
"78 Lakatan sy., BH, QC",14.68611,121.09232,"Area B, Consti Market",14.69064,121.09661
"96 Lakatan st., BH, QC",14.68634,121.09501,"Talanay Area C, BH, QC",14.68472,121.09774
"95 Lakatan st., Talanay A, Batasan , QC",14.67657,121.10419,"Area B, Talipapa",14.68472,121.09774
"96 Lakatan st.,Talanay, Area A, Batasan, QC",14.68634,121.09501,"Area B, Palengke",14.68472,121.09774
"44 Lakatan st.,Talanay, Batasan Hills, QC",14.68575,121.10863,Commonwealth Market,14.682,121.08509
"93B Lakatan st., Area A, Talanay, Batasan, QC",14.67664,121.10426,"Puregold Sto. Niño st.,",14.68472,121.09774
"95 Lakatan st.,Area A, Talanay Batasan, Hills, QC",14.67657,121.10419,Brgy. Hall,14.68782,121.09241
"11D Rodman st., Talanay Area A, Batasan Hills, QC",14.68436,121.10922,Consti Palengke,14.69064,121.09661
"59 Rodman st., St Niño, Batasan Hills, QC",14.68484,121.10236,Sinioita st.,14.68057,121.09355
"33 Rodman st.,Sitio Talanay, Batasan Hills, QC",14.68769,121.09644,"Area B, Palengke",14.68472,121.09774
"80 Rodman st., Talanay A, Batasan hills, QC",14.68233,121.10793,"Area B, Palengke",14.68472,121.09774
"80 Rodman st., Talanay A, Batasan hills, QC",14.68233,121.10793,"Area B, Palengke",14.68472,121.09774
"45-c Rodman st.,Area A1 Batasan Hills, QC",14.68152,121.10938,"Area B, Palengke",14.68472,121.09774
"43B Rodman st.,Batasan Hills, QC",14.68497,121.093,Kalayaan st.,14.68472,121.09774
"37 Rodman st.,Talanay Batasan Hills, QC",14.68584,121.10883,"Area B, Palengke",14.68472,121.09774
"37 Kalayaan B Golod, Batasan hills, QC",14.69186,121.08823,Manggahan,14.682,121.08509
"108 Senatorial Road, Batasan hills, QC",14.68511,121.09773,IBP Road ( Brgy. Hall ),14.68782,121.09241
"30 Kalayaan B, Batasan Hills, QC",14.69186,121.08823,UP Technohub,14.64874,121.05615
"30 Kalayaan B st., Batasan, QC",14.69186,121.08823,Commonwealth Market,14.682,121.08509
"30 Kalayaan B st., Batasan, QC",14.69186,121.08823,Commonwealth Market,14.682,121.08509
"30 Kalayaan B st., Batasan, QC",14.69186,121.08823,"Brgy. Hall, IBP RA, QC",14.68782,121.09241
"30 Kalayaan B, Batasan, QC",14.69186,121.08823,Kalayaan B,14.68472,121.09774
"270 Kalayaan B, Batasan Hill, QC",14.69186,121.08823,Timog,14.63539,121.03293
"30 Kalayaan B, Batasan",14.69186,121.08823,Philcoa,14.68843,121.07453
"III Kasipagan st. Kalayaan B, Batasan hills, QC",14.68057,121.09355,Commonwealth Market,14.682,121.08509
"III Kasipagan st. Kalayaan B, Batasan hills, QC",14.68057,121.09355,SM North,14.657027,121.030479
"20B Kaibigan st, Kalayaan B, Batasan hills, QC",14.68812,121.10848,Palengke,14.68472,121.09774
"27 Kaibigan st. Batasan hills, QC",14.68327,121.10955,Palengke,14.68472,121.09774
"20 Kaibigan st. Batasan hills, QC",14.68812,121.10848,Palengke,14.68472,121.09774
"31 Kalayaan B, Batasan hill, QC",14.69186,121.08823,Kalayaan Palengke,14.68472,121.09774
"30 Kalayaan B st. Batasan hills, QC",14.69186,121.08823,Kalayaan B.,14.68472,121.09774
"30 Kalayaan B st. Batasan hills, QC",14.69186,121.08823,Kalayaan B.,14.68472,121.09774
"30 Kalayaan st. Batasan hills, QC",14.69186,121.08823,Freedom st.,14.68057,121.09355
30 Kalayaan B st. Brgy. Batasan QC,14.69186,121.08823,Kalayaan B,14.68472,121.09774
"16 Kaibigan st. BH, QC",14.68519,121.10728,Commonwealth Market,14.682,121.08509
"30B  Kalayaan B, Batasan Hills, QC",14.69186,121.08823,Taguig BGC,14.52941,121.07102
"30B Kalayaan, Batasan Hills, QC",14.69186,121.08823,Commonwealth Market,14.682,121.08509
"30 Kalayaan st. BH, QC",14.69186,121.08823,Talipapa,14.68057,121.09355
"20 Kaibigan st. BH, QC",14.68812,121.10848,Talipapa,14.68057,121.09355
"20 Kaibigan st. BH, QC",14.68812,121.10848,Commonwealth Market,14.682,121.08509
"31 Kaibigan st. Batasan hills, QC",14.68482,121.09326,Kalayaan B. Talipapa,14.68472,121.09774
"16 Kasipagan st. Batasan hill, QC",14.68519,121.10728,Talipapa,14.68057,121.09355
"32 Kalayaan B corner, Kasipagan st. Batasan hills, QC",14.69186,121.08823,Commonwealth Market,14.682,121.08509
"65 Gulod, Kalayaan B, Batasan Hills, QC",14.69186,121.08823,Commonwealth Market,14.682,121.08509
"59, Kasipagan Gulod, Kalayaan B st. Batasan Hills, QC",14.68472,121.09774,Commonwealth Market,14.682,121.08509
"607 Six alley kaibigan, Kalayaan B, Batasan, QC",14.68472,121.09774,Commonwealth Market,14.682,121.08509
"12B Kalinisan, Batasan hills, QC",14.68646,121.09209,Talipapa Kasiyahan st.,14.68748,121.09312
"30-D Pangasinan st. Luzviminda, Batasan hills, QC",14.68615,121.09186,Talipapa Kasayahan,14.68748,121.09312
"300 Pangasinsa st. Batasan hills, QC",14.68647,121.0929,"San Mateo, Rizal",14.69872,121.12606
14 Pangasinan st,14.68647,121.0929,Kasayahan Market,14.68748,121.09312
"B-2 L-2 Kasayahan, Batasan, QC",14.68748,121.09312,Kasayahan Market,14.68748,121.09312
"17 Kasayahan, Batasan hills, QC",14.68748,121.09312,"Talipapa, Kasayahan",14.68748,121.09312
"Blk 1 lot 1 Kasayahan st. Batasan hills, QC",14.68748,121.09312,Kasayahan,14.68748,121.09312
"54 Kasayahan, Batasan, QC",14.68748,121.09312,"Kasayahan, Talipapa",14.68748,121.09312
"56 Kasayahan st. Batasan hills, QC",14.68748,121.09312,Balintawak,14.657027,121.030479
"Block 1 Kasayahan st. Batasan hills, QC",14.68748,121.09312,"Kasayahan, Talipapa",14.68748,121.09312
"54 Kasayahan, Batasan, QC",14.68748,121.09312,Kasayahan Talipapa,14.68748,121.09312
"54 Kasayahan st. Barangay Batasan, QC",14.68748,121.09312,"Kasayahan, Talipapa",14.68748,121.09312
"14 Pangasinan st Batasan, QC",14.68647,121.0929,Kasayahan Talipapa,14.68748,121.09312
"36B Pangasinan st. Batasan hills, QC",14.68672,121.09444,"Kasiyahan, Talipapa",14.68748,121.09312
"85 IBP Road, Batasan Hills, QC",14.68782,121.09241,Brgy. Pinyahan,14.63686,121.04331
"206 Damayan st. Batasan hills, QC",14.68743,121.09588,Manggahan Market,14.682,121.08509
"54 Kasayahan, St. Batasan hills, QC",14.68748,121.09312,Kasayahan Talipapa,14.68748,121.09312
"54 Kasayahan st. Batasan hills, QC",14.68748,121.09312,"Kasayahan, Talipapa",14.68748,121.09312
"48 Kasayahan st. Batasan hills, QC",14.68748,121.09312,Kasayahan Talipapa,14.68748,121.09312
"49 Kasayahan st. Batasan hills, QC",14.68748,121.09312,"Kasayahan, Talipapa",14.68748,121.09312
"18 Kasayahan st. Batasan, QC",14.68748,121.09312,Kasayahan Talipapa,14.68748,121.09312
"18 Kasayahan, st. Batasan hills, QC",14.68748,121.09312,"Kasayahan, Talipapa",14.68748,121.09312
"12 Pangasinan st. Batasan, QC",14.68647,121.0929,"Kasayahan, Talipapa",14.68748,121.09312
"54 Kasayahan st. Batasan hills, QC",14.68748,121.09312,Kasayahan Talipapa,14.68748,121.09312
"18-B Kasayahan st. Batasan hills, QC",14.68748,121.09312,Kasayahan Talipapa,14.68748,121.09312
"53 Sinagatala st. Batasan hills, QC",14.68659,121.09552,Presentation of our Lord Parish Filinvest 1 Subd.,14.68435,121.09098
"Blk 6, Lot 15 Kasayahan st. Batasan hills, QC",14.68748,121.09312,Commonwealth Market,14.682,121.08509
"54 Kasayahan st. Batasan hills, QC",14.68748,121.09312,Kasayahan Talipapa,14.68748,121.09312
"49 Kasayahan st. Batasan hills, QC",14.68748,121.09312,Kasayahan Talipapa,14.68748,121.09312
"54 Kasayahan st. Batasan hills, QC",14.68748,121.09312,Consti Talipapa,14.69064,121.09661
"19 Kasayahan st. Batasan hills, QC",14.68748,121.09312,"Cabanatuan, San Isidro",15.49142,120.99334
"121 Pangasinan st. Batasan hills, QC",14.68647,121.0929,St. Peter Church,14.68057,121.09355
"14 Pangasinan, Batasan hills, QC",14.68647,121.0929,Sinagatala Talipapa,14.68659,121.09552
"25 Pangasinan st. Batasan hills, QC",14.68647,121.0929,Quaipo Church,14.5983,120.98808
"25 Pangasinan st. Batasan hills, QC",14.68647,121.0929,Commonwealth Market,14.682,121.08509
"08 Maya st. Batasan, QC",14.68057,121.09355,Presidential Talipapa,14.6909,121.09539
"25 Congressional, Batasan, QC",14.68776,121.09701,Presidential Talipapa,14.6909,121.09539
"23 Sitio 1 Congressional, Batasan, QC",14.6876,121.09696,"Petron IBP road, San Mateo road.",14.69064,121.09661
"24 Sitio 1 Congressional, Batasan, QC",14.6876,121.09696,"IBP road, San Mateo road",14.69064,121.09661
"7 Maya Batasan, QC",14.67935,121.10507,IBP road,14.69064,121.09661
"27 Constitutional, Batasan, QC",14.68472,121.09774,Presidential Talipapa,14.6909,121.09539
"19 Congressional Road, Batasan hills, QC",14.68776,121.09701,"Agham road, Bertis North",14.6909,121.09539
"7 Maya, Batasan, QC",14.67935,121.10507,Makati City,14.56912,121.026154
"41 Rodman st. Batasan hills, QC",14.69162,121.10755,"BP Road, Brgy Hall",14.68782,121.09241
"108-A Lakatan st. Talanay, BH, QC",14.68918,121.09961,San Juan Market,14.69064,121.09661
"19 Kasayahan St., BH, QC",14.68748,121.09312,Palengke,14.68472,121.09774
4 Kagandahan st. Ext Batasan QC,14.68727,121.0907,"Filinvest 2, Batasan hills",14.68464,121.10523
"109 Pangasinan st. Batasan hills, QC",14.68647,121.0929,"Grocery Ricklyn, Kasayahan",14.68748,121.09312
43 Samar Batasan,14.68647,121.0929,Kasayahan Talipapa,14.68748,121.09312
"31 Samar street, BH, QC",14.68647,121.0929,San Diego Elem School,14.69064,121.09661
"31 Pangasinan st. BH, QC",14.68647,121.0929,Talipapa,14.68057,121.09355
"31 Samar st. BH, QC",14.68647,121.0929,Talipapa Market,14.69064,121.09661
"43 Pangasinan st. BH, QC",14.68647,121.0929,Masbate st.,14.68586,121.09251
"77 Pangasinan st. BH, QC",14.68647,121.0929,St. Peter Church,14.68057,121.09355
"21 Pangsinan st. BH, QC",14.68647,121.0929,Philcoa,14.68843,121.07453
"76 Pangasinan, BH, QC",14.68647,121.0929,Eatwood,14.60889,121.07969
"73 Pangasinan st. BH, QC",14.68647,121.0929,Capitol,14.68472,121.09774
"24 Pangsinan st. BH, QC",14.68647,121.0929,Ever Gotesco Mall,14.68472,121.09774
"76 Pangasinan. BH, QC",14.68647,121.0929,Water Station Pangasinan st.,14.68647,121.0929
"1 Maya, Batasan, QC",14.68435,121.09098,Maya st.,14.68057,121.09355
"03 Maya st. BH, QC",14.68472,121.09774,Sugar town fil. 2,14.68464,121.10523
"6 Falcon Alley Batasan, QC",14.68472,121.09774,Presidential Talipapa,14.6909,121.09539
6 Maya Batasan QC,14.68472,121.09774,Taguig CIty,14.52941,121.07102
"11 King Fisher St., BH, QC",14.73414,121.05017,Valenzuela,14.69857,120.9776
"11 King Fisher St., BH, QC",14.73414,121.05017,"Talipapa, Presidential Rd.",14.6909,121.09539
"11 King Fisher St. BH, QC",14.73414,121.05017,Novaliches,14.71951,121.03996
"1 Falcon Alley, Congressional Rd., BH, QC",14.68776,121.09701,"Murphy, Cubao",14.62007,121.05947
"06 Falcon Alley St. BH, QC",14.68057,121.09355,"Las Piñas, Zapote St.",14.46524,120.96753
"9 Pigeon St., BH, QC",14.68854,121.10906,"Talipapa, Presidential Rd.",14.6909,121.09539
"12 Maya St. BH, QC",14.68324,121.10074,Tandang Sora,14.68025,121.04065
"1 Maya St., BH, QC",14.68685,121.10738,"Estrada St., Tandang Sora",14.67805,121.03845
"24 Pigeon Alley St. Batasan, QC",14.6895,121.10663,Commonwealth Market,14.682,121.08509
"21B Pigeon Alley St., BH, QC",14.68232,121.10949,UP Diliman,14.65463,121.0584
"14 Hawk Ali St. Batasan, QC",14.68526,121.10722,"Consti Market, San Mateo Rd.",14.69064,121.09661
"24B Pigeon Alley St., BH, QC",14.6895,121.10663,"Puregold Jr, Batasan-San Mateo Rd.",14.69069,121.09667
"20 Eagle Alley St., Ibaba, BH, QC",14.68812,121.10848,Batoda Terminal,14.68472,121.09774
"11 Woodpecker St. Batasan, QC",14.73607,121.05191,Woodpecker St.,14.68717,121.09856
"01 Hawk Alley St. BH, QC",14.68057,121.09355,Consti Palengke,14.69064,121.09661
"13 Pigeon Alley St., BH, QC",14.68337,121.10077,Commonwealth Ave,14.682,121.08509
"01 Hawk Alley St. BH, QC",14.68057,121.09355,Consti Palengke,14.69064,121.09661
"06 Falcon Alley St. BH, QC",14.68057,121.09355,"Consti, Palengke",14.69064,121.09661
"50 Falcon Alley St., BH, QC",14.68365,121.11063,"Soler, Pasay City",14.54361,120.99445
"14 Hawk Alley St. BH, QC",14.68526,121.10722,Angels Burger Pantranco,14.68333,121.09261
"05 Wood Pecker St., BH, QC",14.68057,121.09355,Constitution Market,14.69064,121.09661
"17 Falcon Alley St. BH, QC",14.68058,121.10522,Taft Ave.,14.68829,121.11038
"07 Hawk Alley St., BH, QC",14.68057,121.09355,"Bangbang - Pinagbuhatan, Pasig",14.56565,121.05897
"17 Congressional Rd. Region Alley, BH, QC",14.68776,121.09701,"Consti, Palengke",14.69064,121.09661
"17 Sitio 1 Brgy. BH, QC",14.68769,121.09644,"BGC, Taguig",14.52941,121.07102
"6 Congressional Rd. Sitio 1, BH, QC",14.6876,121.09696,Consti Market,14.69064,121.09661
"15 Constitutional Rd. BH, QC",14.6909,121.09539,"Palengke, Batasan - San Mateo Rd",14.69069,121.09667
"17 Sitio 1 Pigeon Alley, BH, QC",14.68386,121.0917,San Antonio De Padua Church,14.68768,121.02284
"4 Maya St. BH, QC",14.68057,121.09355,"Eastwood Residence, Montalban Blk. 66 Lot 22",14.5778,121.04545
"19 Kingfisher St. BH, QC",14.68721,121.09926,Presidential Palengke,14.6909,121.09539
"14 Eagle St. BH, QC",14.73832,121.05227,Bulacan,14.87487,120.82397
"Area A3 BH, QC",14.68472,121.09774,Ortigas,14.58924,121.07101
"43 Pigeon Ave, BH, QC",14.68829,121.11038,"Palengke, Presidential",14.6909,121.09539
"9 Kingfisher St. BH, QC",14.68854,121.10906,"Intramuros, Maynila",14.59245,120.97332
"2 Pigeon St. BH, QC",14.68262,121.10841,Consti Talipapa,14.69064,121.09661
"14 Kingfisher St. BH, QC",14.68526,121.10722,Batasan National High School,14.68472,121.09774
"29 Pigeon Alley, BH, QC",14.68472,121.09774,Filinvest 2,14.68464,121.10523
"41 Falcon Alley St., BH, QC",14.69162,121.10755,Batasan Oplan Office,14.68472,121.09774
"24 Pigeon Alley BH, QC",14.68472,121.09774,Consti Market,14.69064,121.09661
"9 Pigeon Alley St., BH, QC",14.68854,121.10906,Constitution Market,14.69064,121.09661
"12 Kingfisher St. BH, QC",14.68324,121.10074,Consti Market,14.69064,121.09661
"2 Hawk Alley St., BH, QC",14.68262,121.10841,Constitution Market,14.69064,121.09661
"16 King fisher St. BH, QC",14.68519,121.10728,Batoda Terminal,14.68472,121.09774
"7 Hawk Alley St., BH, QC",14.67935,121.10507,Constitution Market,14.69064,121.09661
"15 King Fisher St. Batasan, QC",14.68161,121.10447,Commonwealth Market,14.682,121.08509
"38 Pigeon Alley St., BH, QC",14.68378,121.11016,Constitution Market,14.69064,121.09661
"4 Congressional Rd., BH, QC",14.68776,121.09701,Constitution Market,14.69064,121.09661
"36 Constitutional Rd., BH, QC",14.68751,121.09869,Constitution Market,14.69064,121.09661
"16 Pigeon Alley St., BH, QC",14.68519,121.10728,Constitution Market,14.69064,121.09661
"25 Congressional Rd., BH, QC",14.68776,121.09701,Constitution Market,14.69064,121.09661
"4 Pigeon Alley St., BH, QC",14.68426,121.09204,"Segunda Bldg, Kamuning, Cubao",14.62007,121.05947
"3 Pigeon Alley St., BH, QC",14.68397,121.10732,Constitution Market,14.69064,121.09661
"17 Falcon Alley St., BH, QC",14.68058,121.10522,Constitution Market,14.69064,121.09661
"1B Hawk Alley St., BH, QC",14.68685,121.10738,"Talipapa, Presidential Rd.",14.6909,121.09539
"23 Sitio 1, Congressional Rd., BH, QC",14.6876,121.09696,"Talipapa, Presidential Rd.",14.6909,121.09539
"31 Sitio 2, Congressional Rd., BH, QC",14.6876,121.09696,"Talipapa, Presidential Rd.",14.6909,121.09539
"06 Maya St., BH, QC",14.68057,121.09355,PCCAES,14.68472,121.09774
"32 Congressional Rd., BH, QC",14.68776,121.09701,West Triangle,14.67892,121.08467
"56 Pigeon Alley St., BH, QC",14.67979,121.10607,"Talipapa, Presidential Rd.",14.6909,121.09539
"10 Kingfisher BH, QC",14.67959,121.10458,"Talipapa, Consti",14.69064,121.09661
"29 Jasmin St., BH, QC",14.71634,121.02751,"Goldilocks, Mc. Collough St., Mandaluyong",14.5809,121.04687
"14 King Fisher St. BH, QC",14.68526,121.10722,UP Commonwealth,14.6541,121.05411
"5 King Fisher St. BH, QC",14.68057,121.09355,Ever Commonwealth,14.68472,121.09774
"1044 Jasmin St., BH, QC",14.68057,121.09355,"Talipapa, Commonwealth Ave",14.682,121.08509
"13 King Fisher, BH, QC",14.68337,121.10077,"Consti, Talipapa",14.69064,121.09661
"1039 Jasmin St., BH, QC",14.68057,121.09355,Commonwealth Market,14.682,121.08509
"04 Kingfisher St. BH, QC",14.68057,121.09355,"Talipapa, Consti",14.69064,121.09661
"2 Pigeon Alley, BH, QC",14.68472,121.09774,"Talipapa, Consti",14.69064,121.09661
"17 Maya St. BH, QC",14.68058,121.10522,"Talipapa, Consti",14.69064,121.09661
"30 Pigeon Alley St. BH, QC",14.68472,121.09774,"Palengke, Consti",14.69064,121.09661
"40 Santan St. BH, QC",14.69841,121.09685,St. Peter Church / Ever Gotesco Mall,14.68057,121.09355
"41B Santan St. BH, QC",14.69162,121.10755,Highway Market,14.68472,121.09774
"42 Santan St. BH, QC",14.69837,121.09692,"Talipapa, Ilang Ilang St.",14.68479,121.08861
"Blk. 91 lot 22 Santan St. BH, QC",14.69157,121.05708,"Talipapa, Ilang Ilang St.",14.68479,121.08861
"12 Everlasting St., BH, QC",14.68808,121.05934,"Talipapa, Ilang-ilang St.",14.68479,121.08861
"2062 Everlasting St., BH, QC",14.68057,121.09355,"Talipapa, Ilang-ilang St.",14.68479,121.08861
"254 Rosas St., BH, QC",14.68057,121.09355,"Talipapa, Ilang-ilang St.",14.68479,121.08861
"651 Rosas St., BH, QC",14.68057,121.09355,Commonwealth Market,14.682,121.08509
"48 Santan St. BH, QC",14.68993,121.05726,"DILG, Taguig City",14.52941,121.07102
"6236 Rosas St., BH, QC",14.68057,121.09355,St. Peter Parish,14.68057,121.09355
"Blk. 89 Lot 2 ROsal St. BH, QC",14.70214,121.06153,"Talipapa, Ilang Ilang",14.68479,121.08861
"315 Rosas St., BH, QC",14.68057,121.09355,St. Peter Parish,14.68057,121.09355
"05 Santan St. BH, QC",14.68057,121.09355,"Bocaue, Bulacan",14.79849,120.92634
"79 Rosas St., BH, QC",14.68057,121.09355,"Talipapa, Ilang-ilang St.",14.68479,121.08861
"23 Rosal St. BH, QC",14.68789,121.05878,Filinvest Subd.,14.68435,121.09098
"317 Rosas St., BH, QC",14.68057,121.09355,"Banahaw, Cubao",14.62007,121.05947
"2015 Ilang Ilang St. BH, QC",14.68479,121.08861,"Kapulong St. Tondo, Manila",14.62053,120.96575
"44B Jasmin St., BH, QC",14.68575,121.10863,"Talipapa, Ilang-ilang St.",14.68479,121.08861
"B-91, L 20 Santan St. BH, QC",14.69872,121.09611,"San Roque, Supermarket, Novaliches",14.6709,120.93898
"521 Santan St., BH, QC",14.68057,121.09355,"UP Teacher's Village, Maginhawa St.",14.64877,121.05697
"40 Santan St. BH, QC",14.69841,121.09685,Jasmin Court,14.68472,121.09774
"2074 Ilang Ilang St. BH, QC",14.68479,121.08861,"Cardinal Medical, San Juan",14.60581,121.02163
"10 Rosal St., BH, QC",14.70231,121.01877,National Center for Mental Health,14.5865,121.0371
"34 Ilang-Ilang St. BH, QC",14.68472,121.10659,Commonwealth Market,14.682,121.08509
"20 Jasmin St. BH, QC",14.70209,121.09347,"Welcome Rotonda, Sampaloc",6.50955,124.89572
"29 Jasmin St., BH, QC",14.71634,121.02751,"Bureau of Customs, Pier South",14.63883,121.03541
"34 Ilang Ilang St. BH, QC",14.68472,121.10659,"Ortigas, Pasig City",14.58924,121.07101
"29 Jasmin St., BH, QC",14.71634,121.02751,"Greenhills, San Juan",14.60355,121.04835
"1035 Jasmin St. BH, QC",14.68057,121.09355,Ilang Ilang,14.68479,121.08861
"108 Senatorial Road, BH, QC",14.68511,121.09773,"Talipapa, Ilang Ilang",14.68479,121.08861
"16 Jasmin St. BH, QC",14.701,121.09445,"Talipapa, Ilang Ilang",14.68479,121.08861
"34 Ilang Ilang St. BH, QC",14.68472,121.10659,"Talipapa, Ilang Ilang St.",14.68479,121.08861
"142 Jasmin St., BH, QC",14.68631,121.09599,Commonwealth Market,14.682,121.08509
"142 Jasmin St., BH, QC",14.68631,121.09599,"Anonas 2-A Ext., Sicatona Village",14.63728,121.05806
"136 Jasmin St. BH, QC",14.68673,121.10874,"Talipapa, Ilang Ilang St.",14.68479,121.08861
"29 Jasmin St., BH, QC",14.71634,121.02751,Century Commonwealth,14.70601,121.08698
"1035 Jasmin St. BH, QC",14.68057,121.09355,"Talipapa, Ilang Ilang St.",14.68479,121.08861
"1040 Jasmin St. BH, QC",14.68057,121.09355,"Talipapa, Ilang Ilang St.",14.68479,121.08861
"49 Jasmin St., BH, QC",14.62828,121.02196,"E. Rodriguez, QC",14.62623,121.05208
45 Jasmin St. Batasan QC,14.71645,121.02699,"Talipapa, Ilang Ilang St.",14.68479,121.08861
"29 Jasmin St., BH, QC",14.71634,121.02751,"Talipapa, Ilang-ilang St.",14.68479,121.08861
"29 Jasmin St., BH, QC",14.71634,121.02751,"Talipapa, Ilang-ilang St.",14.68479,121.08861
"78 Santan St. BH, QC",14.68611,121.09232,"Talipapa, Ilang Ilang",14.68479,121.08861
"48 Santan St. BH, QC",14.68993,121.05726,"Batasan, Batoda",14.68472,121.09774
"34 Ilang-ilang St., BH, QC",14.68472,121.10659,"La Mesa Dam, QC",14.72406,121.07041
"34 Ilang-ilang St., BH, QC",14.68472,121.10659,Filinvest 2,14.68464,121.10523
"24 Rosal St. BH, QC",14.70133,121.04247,"Talipapa, Ilang Ilang",14.68479,121.08861
"08 Ilang-ilang St., BH, QC",14.68479,121.08861,Sandigan,14.68472,121.09774
"25 Jasmin St., BH, QC",14.71634,121.02751,"Talipapa, Ilang-ilang St.",14.68479,121.08861
"515 Rosal St. BH, QC",14.68057,121.09355,Commonwealth Market,14.682,121.08509
"2222 Kadena de Amor, BH, QC",14.62899,121.01881,"Talipapa, Ilang-ilang St.",14.68479,121.08861
"119 Jasmin St., BH, QC",14.68057,121.09355,"DPWH, QC",14.68472,121.09774
"2096 Rosal St. BH, QC",14.68057,121.09355,"Talipapa, Ilang Ilang",14.68479,121.08861
"B94 L2 Everlasting St., BH, QC",14.68758,121.05924,"Roosevelt Presko, QC (Near Fishermall)",14.64508,121.01717
"82 Santan St. BH, QC",14.68223,121.10802,"Ilang Ilang, Market",14.68479,121.08861
"45 Everlasting St., BH, QC",14.70074,121.09314,"Talipapa, Ilang-ilang St.",14.68479,121.08861
"65 Ilang-ilang St., BH, QC",14.68479,121.08861,Commonwealth Market,14.682,121.08509
"103 Ilang-ilang St., BH, QC",14.68479,121.08861,"Talipapa, Ilang-ilang St.",14.68479,121.08861
"91 Cadena de amor St. BH, QC",14.62899,121.01881,Commonwealth Market,14.682,121.08509
"95 Ilang-ilang St., BH, QC",14.68479,121.08861,Ever Gotesco Mall,14.68472,121.09774
"2020 Ilang Ilang St. BH, QC",14.68479,121.08861,"Talipapa, Ilang Ilang",14.68479,121.08861
"15 Jasmin St., BH, QC",14.70069,121.09505,Commonwealth,14.682,121.08509
"108 Senatorial Rd., BH, QC",14.68511,121.09773,SM Cubao,14.62007,121.05947
"46 Santan St. BH, QC",14.69031,121.05721,FIlinvest,14.68435,121.09098
"091 Cadena de Amor, BH, QC",14.62899,121.01881,Commonwealth Market,14.682,121.08509
"40 Santan St. BH, QC",14.69841,121.09685,Mandaluyong,14.5809,121.04687
"07 Cadena de Amor, BH, QC",14.62899,121.01881,Commonwealth Market,14.682,121.08509
"10 Cadena de Amor, BH, QC",14.6287,121.01781,Commonwealth Market,14.682,121.08509
"13 Jasmin St., BH, QC",14.71623,121.02796,Commonwealth Market,14.682,121.08509
"1466 Santan St., BH, QC",14.68057,121.09355,"Talipapa, Ilang-ilang St.",14.68479,121.08861
"Blk. 91 Lot 27 Santan St. BH, QC",14.69138,121.05721,PCCAES,14.68472,121.09774
"1466 Santan St. BH, QC",14.68057,121.09355,"Talipapa, Ilang Ilang",14.68479,121.08861
"253 Rosas St. BH, QC",14.68057,121.09355,San Mateo Banaba,14.69069,121.09667
"136 Jasmin St. BH, QC",14.68673,121.10874,"Talipapa, Ilang Ilang",14.68479,121.08861
"45 Jasmin St. BH, QC",14.71645,121.02699,Ilang Ilang Market,14.68479,121.08861
"6 Kadena De Amor Jasmine, BH,QC",14.70149,121.01918,North Fairview Subd.,14.68422,121.1049
"25 Santan St. BH, QC",14.69855,121.09612,Manggahan,14.682,121.08509
"44 Jasmin St. BH, QC",14.70204,121.01829,Ilang Ilang Market,14.68479,121.08861
"6 Gadena De Amor Jasmin, BH, QC",14.70149,121.01918,"Ilang Ilang, Market",14.68479,121.08861
"29 Jasmin St. BH, QC",14.71634,121.02751,"Makati, Rufino, Ayala Ave.",14.56912,121.026154
"29 Jasmin St. BH, QC",14.71634,121.02751,"Subway, Mindanao Ave.",14.72639,121.05755
"113 Ilang Ilang St. BH, QC",14.68479,121.08861,"Cubao, Edsa",14.62007,121.05947
"11 Sampaguita St. BH, QC",14.72433,121.03308,"Talipapa, Ilang Ilang",14.68479,121.08861
"Ilang Ilang St. BH, QC",14.68479,121.08861,"Commonwealth, Puregold",14.69069,121.09667
"Ilang Ilang St. BH, QC",14.68479,121.08861,Commonwealth Market,14.682,121.08509
"10 Ilang Ilang St. BH, QC",14.68524,121.10643,"Talipapa, Ilang Ilang",14.68479,121.08861
"53 Ilang Ilang St. BH, QC",14.68479,121.08861,Commonwealth Market,14.682,121.08509
"40 Ilang Ilang St. BH, QC",14.68491,121.10638,"Warehouse, Cubao",14.62007,121.05947
"Sampaguita St. BH, QC",14.68057,121.09355,"SM, Cubao",14.62007,121.05947
"Sampaguita St, BH, QC",14.68057,121.09355,"Talipapa, Ilang Ilang",14.68479,121.08861
"Sampaguita St. BH, QC",14.68057,121.09355,Ever Gotesco,14.68472,121.09774
"14 Sampaguita St. BH, QC",14.66632,121.03337,Ever Gotesco,14.68472,121.09774
"Sampaguita St. BH, QC",14.68057,121.09355,Commonwealth Market,14.682,121.08509
"11 Sampaguita St. BH, QC",14.72433,121.03308,SM Cubaoi,14.62007,121.05947
"83 Lot V Jasmin St. BH, QC",14.67695,121.10463,Commonwealth Market,14.682,121.08509
"Sampaguita St. BH, QC",14.68057,121.09355,Commonwealth Market,14.682,121.08509
"81 Ilang Ilang St. BH, QC",14.68479,121.08861,Ilang Ilang St.,14.68479,121.08861
"88 Ilang Ilang St. BH, QC",14.68479,121.08861,Batasan Rd.,14.68472,121.09774
"2068 Ilang Ilang St. BH, QC",14.68479,121.08861,"Naguilian, La Union",16.53235,120.39363
"088 Ilang Ilang St. BH, QC",14.68479,121.08861,"RAD Medical, Litex Batasan / Filinvest Rd. Batasan",14.68472,121.09774
"088 Ilang Ilang St. BH, QC",14.68479,121.08861,"Faith Store, Santan St. Batasan",14.68254,121.08754
"1465 Santan St., BH, QC",14.68057,121.09355,Commonwealth Market,14.682,121.08509
"1466 Santan St., BH, QC",14.68057,121.09355,Araneta Skyway,14.64515,120.9942
"34 Ilang-ilang St., BH, QC",14.68472,121.10659,"Del Monte, QC",14.64332,121.01508
"1 Rolling Lane St., Filinvest 1 Rd., BH, QC",14.68411,121.09114,"Trans-World International Logistics Corporation, Rolling Lane St., BH, QC",14.6836,121.0903
"13 Filinvest 1 Rd., BH, QC",14.69017,121.09919,"Talipapa, Ilang-ilang St.",14.68479,121.08861
"105 Ilang-ilang St., BH, QC",14.68479,121.08861,"Talipapa, Ilang-ilang St.",14.68479,121.08861
"94 Ilang-ilang St., BH, QC",14.68479,121.08861,Commonwealth Market,14.682,121.08509
"79 Santan St., BH, QC",14.67716,121.10479,"Visayas Ave, Diliman, QC",14.682,121.08509
"88 Ilang-ilang St., BH, QC",14.68479,121.08861,Commonwealth Market,14.682,121.08509
"12 Jasmin St., BH, QC",14.68703,121.0731,Baclaran,14.53143,120.99513
"088D Ilang Ilang St. BH, QC",14.68479,121.08861,Greenfield Addition Hills Mandaluyong,14.5809,121.04687
"76 Jasmin St. BH, QC",14.62781,121.02339,Ilang Ilang St.,14.68479,121.08861
"96 Jasmin St. BH, QC",14.62759,121.02437,Commonwealth Market,14.682,121.08509
"96 Jasmin St. BH, QC",14.62759,121.02437,"Talipapa, Ilang Ilang",14.68479,121.08861
"45 Jasmin St. BH, QC",14.71645,121.02699,"Balara MMPA, QC",14.66398,121.08371
"95 Cadena De Amor, BH, QC",14.62899,121.01881,Ever Gotesco,14.68472,121.09774
"1040 Jasmin St. BH, QC",14.68057,121.09355,Commonwealth Market,14.682,121.08509
"113 Ilang Ilang St. BH, QC",14.68479,121.08861,Ilang Ilang Market,14.68479,121.08861
"2021 Everlasting Street BH, QC",14.68057,121.09355,"Talipapa, Ilang Ilang",14.68479,121.08861
"44 Jasmin St. BH, QC",14.70204,121.01829,Ilang Ilang Market,14.68479,121.08861
"74 Ilang IIang St. BH, QC",14.68479,121.08861,Ortigas,14.58924,121.07101
"088 Ilang Ilang St. BH, QC",14.68479,121.08861,"Bagumbayan, Taguig",14.47542,121.05652
"5 Accibal Compd. BH, QC",14.68472,121.09774,"Necaria, Payatas",14.71864,121.1076
"40 Lunduyan St. BH, QC",14.67819,121.10405,Luzon Ave. (Garra),14.72639,121.05755
"66 Accibal Compound, BH, QC",14.68472,121.09774,"Payatas, QC",14.71864,121.1076
"95 Accibal 2, BH, QC",14.68472,121.09774,Litex Market,14.68472,121.09774
"58B Accibal 2, BH, QC",14.68472,121.09774,Litex Market,14.68472,121.09774
"285 Accibal Compd. Pagasa, BH, QC",14.68472,121.09774,Commonwealth Market,14.682,121.08509
"Accibal Compound, Pag asa, BH, QC",14.68472,121.09774,"Litex, Palengke",14.68472,121.09774
"59 Accibal Compound 2, BH, QC",14.68472,121.09774,Puregold,14.69069,121.09667
"141 Accibal Compound 2 BH, QC",14.68472,121.09774,Within Batasan / Batoda,14.68472,121.09774
"Accibal 2 Compound, BH, QC",14.68472,121.09774,Shangri-la Mandaluyong,14.5809,121.04687
"319 Accival 2 Compound BH, QC",14.68472,121.09774,Commonwealth Litex,14.68472,121.09774
"69 Accival Compound, BH, QC",14.68472,121.09774,Commonwealth Market,14.682,121.08509
"68 Accibal St. BH, QC",14.68472,121.09774,"San Juan, Pinaglabanan",14.70353,121.09711
"64 Accibal Compound, BH, QC",14.68472,121.09774,"District 6, Batasa",14.68717,121.09856
"56 Santan St., BH, QC",14.6896,121.05728,1st Regular BATODA Terminal,14.68472,121.09774
"98 Cadena de Amor, BH, QC",14.62899,121.01881,Commonwealth Market,14.682,121.08509
"76 Jasmin St., BH, QC",14.62781,121.02339,"Talipapa, Jasmin St.",14.68472,121.09774
"2222 Cadena de Amor, BH, QC",14.62899,121.01881,"Talipapa, Ilang-ilang St.",14.68479,121.08861
"4 Cadena de Amor, BH, QC",14.62899,121.01881,"Talipapa, Ilang-ilang St.",14.68479,121.08861
"1465 Santan St., BH, QC",14.68057,121.09355,"Visayas Ave., QC",14.682,121.08509
"12 B2 Jasmin St., BH, QC",14.68324,121.10074,St. Peter Parish,14.68057,121.09355
"2062 Ilang-ilang St., BH, QC",14.68479,121.08861,"Talipapa, Ilang-ilang St.",14.68479,121.08861
"Blk 95 Lot 14 Jasmin St., BH, QC",14.70192,121.01919,Commonwealth Market,14.682,121.08509
"106 Ilang-ilang St., BH, QC",14.68479,121.08861,"Talipapa, Ilang-ilang St.",14.68479,121.08861
"1046 Jasmin St., BH, QC",14.68057,121.09355,"Talipapa, Ilang-ilang St.",14.68479,121.08861
"34 Ilang-ilang St., BH, QC",14.68472,121.10659,"Talipapa, Ilang-ilang St.",14.68479,121.08861
"34 Ilang-ilang St., BH, QC",14.68472,121.10659,Sandigan Market,14.68472,121.09774
"2096 Rosal St., BH, QC",14.68057,121.09355,"Talipapa, Ilang-ilang St.",14.68479,121.08861
"521 Santan St., BH, QC",14.68057,121.09355,Commonwealth Market,14.682,121.08509
"Lunduyan St. BH, QC",14.68057,121.093552,Commonwealth Market,14.682,121.08509
"36 Jasmin St., BH, QC",14.70201,121.01852,Cubao,14.62007,121.05947
"43 Lunduyan ext. BH, QC",14.68497,121.093,SM Fairview,14.70326,121.07073
"Blk 88 Lot 14 Santan St., BH, QC",14.69879,121.09595,"Talipapa, Ilang-ilang St.",14.68479,121.08861
"2022 Santan St., BH, QC",14.68057,121.09355,"Benitez, Cubao, QC",14.62007,121.05947
"45 Lunduyan St. BH, QC",14.68152,121.10938,Techno Hub ( Philcoa),14.682,121.08509
"46 Lunduyan, BH, QC",14.68364,121.11047,Commonwealth Market,14.682,121.08509
"2050 Ilang-ilang St., BH, QC",14.68479,121.08861,"Talipapa, Ilang-ilang St.",14.68479,121.08861
"76 Lunduyan St. BH, QC",14.68673,121.09366,Puregold Banaba,14.69069,121.09667
"2070 Ilang-ilang St., BH, QC",14.68479,121.08861,Quiapo Church,14.5983,120.98808
"Lunduyan ext. BH, QC",14.68057,121.09355,"Cubao, Edsa",14.62007,121.05947
"Lunduyan St. BH, QC",14.68057,121.093552,Commonwealth Market,14.682,121.08509
"Lunduyan, BH, QC",14.68057,121.093552,"Talipapa, Consti",14.69064,121.09661
"2062 Ilang-ilang St., BH, QC",14.68479,121.08861,"PVAO Compound, Camp Emilio Aguinaldo",14.60658,121.06298
"Lunduyan ext. BH, QC",14.68057,121.09355,Don Antonio,14.67657,121.08694
"2068 Ilang-ilang St., BH, QC",14.68479,121.08861,"Baysa, Balintawak",14.657027,121.030479
"77 Lunduyan St. BH, QC",14.67722,121.10486,Commonwealth Market,14.682,121.08509
"81 Lunduyan St. BH, QC",14.68189,121.10866,"Talipapa, Consti",14.69064,121.09661
"Lundayan, BH, QC",14.68057,121.093552,"Talipapa, Consti",14.69064,121.09661
"Lunduyan St. BH, QC",14.68057,121.093552,SM San Mateo,14.69069,121.09667
"93 Cadena de Amor, BH, QC",14.62899,121.01881,Divisoria,14.58226,120.9748
"52 Lunduyan Talanay St. BH, QC",14.68885,121.10784,SM San Mateo,14.69069,121.09667
"2070 Ilang-ilang St., BH, QC",14.68479,121.08861,Best Link University,14.67892,121.08467
"57 Lunduyan Talanay BH, QC",14.68487,121.09162,Techno hub,14.682,121.08509
"27 Lunduyan St. BH, QC",14.68327,121.10955,Puregold Banaba,14.69069,121.09667
"Lunduyan Talanay, BH, QC",14.68057,121.093552,"Talipapa, Saret St.",14.68682,121.09922
"Lunduyan St., BH, QC",14.68057,121.093552,St. Peter Parish,14.68057,121.09355
"60 Lunduyan Ext. BH, QC",14.67965,121.10619,Batasan National High School,14.68472,121.09774
"129 Lunduyan Ext. BH, QC",14.68057,121.09355,Crossing Mandaluyong,14.5809,121.04687
"Lunduyan St. , BH, QC",14.68057,121.093552,"Technohub, Commonwealth Ave",14.682,121.08509
"89 Lunduyan Ext. BH, QC",14.68613,121.09484,Cubao,14.62007,121.05947
"01 Sitio Kaliwa BH, QC",14.68769,121.09644,Consti Palengke,14.69064,121.09661
"03A Latundan St., Talanay Area B, BH, QC",14.68269,121.1005,TechnoHub,14.68843,121.07453
"06 Freedom Park 5, BH, QC",14.69342,121.09056,Litex Market,14.68472,121.09774
"06 Latundan St. Talanay Area B, BH, QC",14.68269,121.1005,Techno hub (Philcoa),14.68843,121.07453
"09 Soldiers home, BH, QC",14.68435,121.09098,SM San Matep,14.69872,121.12606
"092 Kalinisan St. BH, QC",14.68646,121.09209,Cubao,14.62007,121.05947
"092 Kalinisan St. BH, QC",14.68646,121.09209,Techno hub,14.682,121.08509
"1 Sitio 3, Legislative St., BH, QC",14.6876,121.09696,Commonwealth Market,14.682,121.08509
"10 Constitution Hills, BH, QC",14.6956,121.09509,Litex Market,14.68472,121.09774
"10 Eagle St., BH, QC",14.67959,121.10458,Constitution Market,14.69064,121.09661
"10 Kalusugan St. BH, QC",14.68646,121.08948,Techono hub (Philcoa),14.68843,121.07453
"103 De Gloria Ext. Talanay Area B-2 BH, QC",14.68094,121.10044,Area B Market,14.68472,121.09774
"108 Senatorial Rd., BH, QC",14.68511,121.09773,Commonwealth Market,14.682,121.08509
"11 Kalusugan St. BH, QC",14.68646,121.08948,Don Antonio (Shopwise),14.67714278,121.0816844
"11 Katuparan St., BH,QC",14.6968,121.09092,"Santol St., Project 4, QC",14.6021,121.0119
"11 Sampaloc St. BH, QC",14.68436,121.10922,"Loyola, Quezon City",14.64111,121.0744
"11 Sampaloc St. BH, QC",14.68436,121.10922,"Market, Latundan St. Kagawad Road, QC",14.68311,121.09991
"113 Congressional Rd., BH, QC",14.68776,121.09701,Commonwealth Market,14.682,121.08509
"113 Senatorial Rd., BH, QC",14.68511,121.09773,Constitution Market,14.69064,121.09661
"115 Senatorial Rd., BH, QC",14.68554,121.09794,Consti Market,14.69064,121.09661
"115 Senatorial Rd., BH, QC",14.68554,121.09794,Constitution Market,14.69064,121.09661
"119 De Gloria St. Taniman, BH, QC",14.68094,121.10044,St. Peter,14.63805,120.99868
"12 Kalusugan St. BH, QC",14.68646,121.08948,"Talipapa, Kalusugan",14.68964,121.02275
"12 Katangian St. Kalayaan B, BH, QC",14.68324,121.10074,East Avenue Medical Center,14.64078,121.0468
"12 Latundan St., Talanay Area B, BH, QC",14.68269,121.1005,"Talipapa, Kagawad Rd.",14.68412,121.09926
"12 Sitio Kaliwa BH, QC",14.68769,121.09644,SM San Mateo,14.69069,121.09667
"120 Lunduyan Ext. BH, QC",14.68769,121.09644,St. Peter Church,14.68057,121.09355
"121 Dama de Noche St., Freedom Park 3, BH, QC",14.61841,121.03929,Ever Gotesco,14.68472,121.09774
"121 Rose St. FP3 BH, QC",14.69342,121.09056,Commonwealth Market,14.682,121.08509
"122 Lunduyan Extension BH, QC",14.68769,121.09644,Quezon City hall,14.68843,121.07453
"125 Fortune St. Fp2 BH, QC",14.69342,121.09056,Litex Market,14.68472,121.09774
"127 Fortune St., Freeom Park 3, BH, QC",14.69342,121.09056,Constitution Market,14.69064,121.09661
"127-B Jordan St., Freedom Park 4, BH, QC",14.69342,121.09056,Commonwealth Market,14.682,121.08509
"129 Carter St. FP4 BH, QC",14.69342,121.09056,Rose St. FP 2,14.6754,121.10209
"129 Jordan St., Freedom Park 4, BH, QC",14.69342,121.09056,Constitution Market,14.69064,121.09661
"129C Fortune St. FP4 BH, QC",14.69342,121.09056,Consti Market,14.69064,121.09661
"12-D Marcelino St. BH, QC",14.68324,121.10074,Techno hub,14.682,121.08509
13 Kalusugan St. BH QC,14.68646,121.08948,SM Fairview,14.70326,121.07073
"13 Kalusugan St. BH, QC",14.68646,121.08948,Jollibee Filinvest,14.68464,121.10523
"13 Katangian St. BH , QC",14.68337,121.10077,"Buendia Building, Bundia Santol St.",14.84154,120.81398
"130 Jordan St. FP4 BH, QC",14.69342,121.09056,Ever,14.70601,121.08698
"131 Jordan St., Freedom Park, BH, QC",14.69342,121.09056,"INC, Central Ave",14.66203,121.05487
"133 Senatorial Rd., BH, QC",14.68419,121.09742,Ever Gotesco,14.68472,121.09774
"14 Kalusugan St. BH, QC",14.68646,121.08948,Tandang Sora Ave.,14.68025,121.04065
"14 Legislative St., BH, QC",14.6876,121.09696,Constitution Market,14.69064,121.09661
"14 Sitio Kaliwa St. Patibay BH, QC",14.68769,121.09644,Consti Market,14.69064,121.09661
"14 Sitio Kaliwa Uno BH, QC",14.68769,121.09644,Techno hub,14.682,121.08509
"141 De Gloria Ext. Taniman BH,QC",14.68094,121.10044,"Batasan Hills, QC",14.68472,121.09774
"143 Rojel St. Freedom Park 4 BH, QC",14.69342,121.09056,Consti Market,14.69064,121.09661
"15 Katangian, BH, QC",14.68161,121.10447,AFNI Commonwealth Ave.,14.70642,121.06739
"15 Latundan St., Talanay Area B, BH, QC",14.68269,121.1005,"Talipapa, Kagawad Rd.",14.68412,121.09926
"15 Soldiers home, BH, QC",14.68435,121.09098,Consti Market,14.69064,121.09661
"153 Masaya St. Freedom Park 2 BH, QC",14.69342,121.09056,Sandigan,14.68472,121.09774
"16 Kalusugan St. BH, QC",14.68646,121.08948,"Talipapa, Kalusugan",14.68964,121.02275
"16 Katangian St., BH, QC",14.68519,121.10728,"Roces St., Sto Domingo",14.65419,121.01582
"16 Katuparan St., BH, QC",14.6968,121.09092,"AFNI Bldg., Commonwealth Ave",14.70642,121.06739
"16 Kaunlaran St., BH, QC",14.68856,121.09167,"Jasmin St., San Juan City",14.56399,121.14728
"16 Orchids St., Freedom Park 4, BH, QC",14.69342,121.09056,Grocery Store @ Freedom Park 5,14.69342,121.09056
"16 Sitio Kaliwa BH, QC",14.68769,121.09644,Ever Commonwealth,14.68472,121.09774
"166 Orchids St. BH, QC",14.68917,121.09952,Commonwealth Market,14.682,121.08509
"166 Orchids St., Freedom Park 3, BH, QC",14.69342,121.09056,Commonwealth Market,14.682,121.08509
"167 Orchids St. FP4 BH, QC",14.69342,121.09056,Don Antonio Subd.,14.67164611,121.0755267
"168 Orchids St., Freedom Park 3, BH, QC",14.69342,121.09056,Katipunan Ave,14.61662,121.07091
"169 Fortune St. FP4 BH, QC",14.69342,121.09056,Gitnang Bayan,14.69558889,121.0438611
"169 Fortune St., BH, WC",14.69342,121.09056,St. Peter Parish,14.68057,121.09355
"169 Jordan St., Freedom Park 4, BH, QC",14.69342,121.09056,Constitution Market,14.69064,121.09661
"169 Orchids St. FP4, BH, QC",14.69342,121.09056,St. Peter Church,14.68057,121.09355
"169B Fortune St., Freedom Park 4, BH, QC",14.69342,121.09056,Ever Gotesco,14.68472,121.09774
"169B Fortune St., Freedom Park 4, BH, QC",14.69342,121.09056,Shangri-La Plaza,14.58111111,121.0544444
"16A Lakatan St. BH, QC",14.68519,121.10728,Batasan hills Brgy. Hall,14.68472,121.09774
"16-B Soldiers Home BH, QC",14.68435,121.09098,Consti Market,14.69064,121.09661
"16C Soldiers Home, BH, QC",14.68435,121.09098,"Sto. Domingo, QC",14.68648,121.08523
"17 Kaunlaran St., BH, QC",14.68856,121.09167,"Roces St., Tomas Morato",14.65419,121.01582
"17 Señorita St. BH, QC",14.68269,121.1005,Taguig Pateros,14.63755,121.00563
"17 Soldiers home, BH, QC",14.68435,121.09098,SM Fairview,14.70326,121.07073
"170 Fortune St. FP3 BH, QC",14.69342,121.09056,Litex Market,14.68472,121.09774
"170 Fortune St. FP4 BH, QC",14.69342,121.09056,Litex Market,14.68472,121.09774
"170 Fortune St., Freedom Park 4, BH, QC",14.69342,121.09056,Commonwealth Market,14.682,121.08509
"170 Fortune St., Freedom Park 4, BH, QC",14.69342,121.09056,Congressional Ave,14.66824917,121.0341833
"170 Fortune St., Freedom Park 4, BH, QC",14.69342,121.09056,Ortigas Ave,14.59448,121.05679
"170 Fortune St., Freedom Park 4, BH, QC",14.69342,121.09056,Sto. Domingo,14.68648,121.08523
"171 Guyabano St., Taniman, BH, QC",14.68057,121.09355,"Puregold, Don Antonio branch",14.67657,121.08694
"172 Fortune St., Freedom Park 3",14.69342,121.09056,Binangonan Rizal,14.46523889,121.1921
"172 Orchids St. FP3 BH, QC",14.69342,121.09056,SM North,14.657027,121.030479
"173 Fortune St. FP4 BH, QC",14.69342,121.09056,Ever Pork Barrel,14.70601,121.08698
"173-A Fortune St., Freedom Park 4, BH, QC",14.69342,121.09056,"Pork Barrel, Ever Gotesco",14.70601,121.08698
"173-B Fortune St. FP4 BH, QC",14.69342,121.09056,Commonwealth Ave,14.682,121.08509
"18 Eagle St., BH, QC",14.73832,121.05199,"Puregold Jr., San Mateo Rd.",14.69069,121.09667
"18 Katuparan St., BH, QC",14.6968,121.09092,"Santol St., Sta Mesa",14.6021,121.0119
"18 Orchids St. FP3 BH, QC",14.69342,121.09056,Commonwealth Market,14.682,121.08509
"18 Sitio 3, Legislative St., BH, QC",14.6876,121.09696,Constitution Market,14.69064,121.09661
"188 Dama De Noche St. FP3 BH, QC",14.61841,121.03929,Sandigan,14.68472,121.09774
"19 Kasayahan St., BH, QC",14.68748,121.09312,"EDSA, Cubao",14.62007,121.05947
"19 Kasayahan St., BH, QC",14.68748,121.09312,"EDSA, Cubao",14.62007,121.05947
"19 Señorita St., Talanay Area B, BH, QC",14.68269,121.1005,Commonwealth Market,14.682,121.08509
"191 Jordan St., Freedom Park 4, BH, QC",14.69342,121.09056,Litex Market,14.68472,121.09774
"20 Kasayahan St., BH, QC",14.68748,121.09312,Sandigan,14.68472,121.09774
"20 Kasayahan St., BH, QC",14.68748,121.09312,SM Fairview,14.70326,121.07073
"20 Kasayahan St., BH, QC",14.68748,121.09312,"Talipapa, Kasayahan St.",14.68748,121.09312
"2037 Ilang-ilang St., BH, QC",14.68479,121.08861,"Talipapa, Ilang-ilang St.",14.68479,121.08861
"2037 Ilang-ilang St., BH, QC",14.68479,121.08861,"Talipapa, Ilang-ilang St.",14.68479,121.08861
"2038 Ilang-ilang St., BH, QC",14.68479,121.08861,Quezon Ave,14.63541,121.02356
"20B Kasayahan St., BH, QC",14.68748,121.09312,"Puregold, Banaba",14.27842,120.99526
"20B Kasayahan St., BH, QC",14.68748,121.09312,"Talipapa, Kasayahan St.",14.68748,121.09312
"20B Kasayahan St., BH, QC",14.68748,121.09312,"Talipapa, Kasayahan St.",14.68748,121.09312
"21 Carter St. FP4 BH, QC",14.69342,121.09056,Kristong Hari Church,14.6251,121.03335
"21 Katuparan St. BH, QC",14.6968,121.09092,"Maria Clara, Caloocan City",14.64731,120.98516
"21 Katuparan St., BH, QC",14.6968,121.09092,"Emerald St., Boni Ave",14.32615,121.01944
"21 Katuparan St., BH, QC",14.6968,121.09092,"Talipapa, Kalusugan St.",14.68964,121.02275
"21 Langka St. Taniman BH, QC",14.68232,121.10949,Don Antonio Puregold,14.67657,121.08694
"21 Latundan Area B, BH, QC",14.68269,121.1005,Commonwealth Market,14.682,121.08509
"21 Latundan St., Talanay Area B, BH, QC",14.68269,121.1005,"Talipapa, Kagawad Rd.",14.68412,121.09926
"21 Señorita St. BH, QC",14.68269,121.1005,"Arlo Company, Makati",14.56912,121.02615
"21A Ilang-ilang St., BH, QC",14.68462,121.10713,"Talipapa, Ilang-ilang St.",14.68479,121.08861
"22 Kalinisan St., BH, QC",14.68646,121.09209,"Parang St., Marikina City",14.66437,121.11988
"22 Latundan St., Talanay Area B, BH, QC",14.68269,121.1005,Tandang Sora Ave,14.68025,121.04065
"22C, Kalinisan St., BH, QC",14.68646,121.09209,"Talipapa, Kalusugan St.",14.68964,121.02275
"23 Bucal St. Talanay A, BH, QC",14.68545,121.11003,Olongapo City,14.8418,120.29016
"23 Latundan St., Talanay B, BH, QC",14.68269,121.1005,"EDSA, Cubao",14.62007,121.05947
"23 Rosal St., BH, QC",14.68789,121.05878,"Talipapa, Ilang-ilang St.",14.68479,121.08861
"230 De Gloria Ext., BH, QC",14.68094,121.10044,"Pork Barrel, Ever Gotesco",14.70601,121.08698
"24 Carter St. FP4 BH, QC",14.69342,121.09056,Jona St. INC,14.68794,121.10526
"24 Kasayahan St., BH, QC",14.68748,121.09312,"EDSA, Cubao",14.62007,121.05947
"24 Kasayahan St., BH, QC",14.68748,121.09312,Ever Gotesco,14.68472,121.09774
"24 Kasayahan St., BH, QC",14.68748,121.09312,Sandigan,14.68472,121.09774
"24 Kasayahan St., BH, QC",14.68748,121.09312,"Talipapa, Kasayahan St.",14.68748,121.09312
"240 De Gloria Ext., BH, QC",14.68094,121.10044,Ever Gotesco,14.68472,121.09774
"242 Mapayapa St. FP2 BH, QC",14.69342,121.09056,Litex Market,14.68472,121.09774
"243 Mapayapa St., Freedom Park 2, BH, QC",14.69342,121.09056,Commonwealth Market,14.682,121.08509
"24B Legislative St., BH, QC",14.6876,121.09696,East Ave,14.64078,121.0468
"25 Latundan St., Talanay B, BH, QC",14.68269,121.1005,"Talipapa, Kagawad Rd.",14.68412,121.09926
"255 De Gloria Ext., Taniman, BH, QC",14.68094,121.10044,"Talipapa, Taniman",14.68474,121.02354
"26 Kennedy St. FP4 BH, QC",14.69342,121.09056,Commonwealth Market,14.682,121.08509
"265 Dakila St., BH, QC",14.68859,121.09622,"Talipapa, Kagawad Rd.",14.68412,121.09926
"27 Ilang-ilang St., BH, QC",14.68441,121.10691,"Talipapa, Kasayahan St.",14.68748,121.09312
"27 Kasayahan St., BH, QC",14.68748,121.09312,"Talipapa, Kasayahan St.",14.68748,121.09312
"27 Latundan St., Talanay Area B, BH, QC",14.68269,121.1005,"Centris, Quezon Ave",14.27675,121.41136
"27 Lunduyan ext. BH, QC",14.68769,121.09644,SB Health Center,14.68472,121.09774
"28 Kasayahan St., BH, QC",14.68748,121.09312,Ever Gotesco,14.68472,121.09774
"28 Katuparan, BH, QC",14.6968,121.09092,"Cubao City, Murphy St.",14.62007,121.05947
"28 Latundan, Talanay Area B, BH, QC",14.68269,121.1005,"Talipapa, Kagawad Rd.",14.68412,121.09926
"28 Recto St. FP6 BH, QC",14.69342,121.09056,Ever,14.70601,121.08698
"28 Recto St. Freedom Park 6 BH, QC",14.69342,121.09056,Commonwealth Market,14.682,121.08509
"29 Freedom Park V BH, QC",14.69342,121.09056,Commonwealth Market,14.682,121.08509
"29 Freedom Park V, BH, QC",14.69342,121.09056,Litex Market,14.68472,121.09774
"29 Kabihasanan St. BH, QC",14.68415,121.10643,"Techno hub Ayala, Commonwealth Ave.",14.68843,121.07453
"29 Kalinisan St. BH, QC",14.68646,121.09209,Ever Commonwealth,14.68472,121.09774
"29 Kalinisan St. BH, QC",14.68646,121.09209,Techno hub,14.682,121.08509
"29 Kasayahan St., BH, QC",14.68748,121.09312,"Talipapa, Kasayahan St.",14.68748,121.09312
"29 Kennedy St., Freedom Park 4, BH, QC",14.69342,121.09056,"INC, Commonwealth",14.70642,121.06739
"29 Latundan St., Talanay Area B, BH, QC",14.68269,121.1005,Commonwealth Market,14.682,121.08509
"29 Lunduyan St. BH, QC",14.68769,121.09644,KMBI Holy Spirit,14.68553,121.07801
"3 Latundan St., Talanay Area B, BH, QC",14.68269,121.1005,"Talipapa, Kagawad Rd.",14.68412,121.09926
"30 Carter St., Freedom Park 4, BH, QC",14.69342,121.09056,Commonwealth Market,14.682,121.08509
"30 Kalinisan St., BH, QC",14.68646,121.09209,"Rockwell, Makati",14.56291,121.03601
"30 Latundan St., Talanay Area B, BH, QC",14.68269,121.1005,"Talipapa, Kagawad Rd.",14.68412,121.09926
"31 Bill St. BH, QC",14.68506,121.0986,Ortigas,14.58924,121.07101
"31 Kalinisan St. BH, QC",14.68646,121.09209,Techno hub,14.682,121.08509
"31 Latundan St., Talanay Area B, BH, QC",14.68269,121.1005,"Talipapa, Kagawad Rd.",14.68412,121.09926
"31 Lundayan ext. BH, QC",14.66078,121.0466,Ortigas Crossing,14.59448,121.05679
"31A Legislative, Sitio 3 BH, QC",14.6876,121.09696,"Zabarte, Novaliches",14.10796,121.46995
"33 Lunduyan Extension, BH, QC",14.68769,121.09644,Philcoa,14.68843,121.07453
"34 Kasayahan St., BH, QC",14.68748,121.09312,"Jollibee, Villongco Comm.",14.68843,121.07453
"34 Kasayahan St., BH, QC",14.68748,121.09312,Sandigan,14.68472,121.09774
"34 Kasayahan St., BH, QC",14.68748,121.09312,SM San Mateo,14.69069,121.09667
"34 Katangian St. BH, QC",14.67857,121.10385,"Tandang Sora, Sampaguita St. Quezon City",14.68025,121.04065
"34 Lunduyan Extension BH, QC",14.68769,121.09644,"SSS, Pag IBIG Commonwealth",14.65638889,121.0402778
"34 Taniman St.BH, QC",14.67857,121.10385,Consti Market,14.69064,121.09661
"35 Katangian St. BH, QC",14.68472,121.09774,Pasay City,14.54361,120.994453
"35 Katangian St., BH, QC",14.68472,121.09774,"Talipapa, Kalayaan B",14.69186,121.08823
"35 Katangian St., BH, QC",14.68472,121.09774,"Talipapa, Kalusugan St.",14.68964,121.02275
"36 Kalinisan St. BH, QC",14.68646,121.09209,Puregold Don Antonio,14.67657,121.08694
"36 Kalinisan St. BH, QC",14.68646,121.09209,Puregold Don Antonio,14.67657,121.08694
"39 Kaunlaran St., BH, QC",14.68856,121.09167,"Maceda St., Espanya Blvd.",14.64187,121.05873
"4 Katangian St., BH, QC",14.68426,121.09204,"Parang, Marikina",14.66437,121.11988
"4 Latundan St., Talanay Area B, BH, QC",14.68269,121.1005,SM North EDSA,14.59653,121.05944
"40 Kalinisan St., BH, QC",14.68646,121.09209,"Delta, Quezon Ave",14.63778611,121.0265361
"40 Sampaloc St. BH, QC",14.67819,121.10405,Puregold Batasan,14.68472,121.09774
"400 Kasunduan Ext., BH, QC",14.69704,121.09282,QC City Hall,14.68843,121.07453
"41 Kabihasnan, BH, QC",14.68866,121.08976,UP Diliman,14.65463,121.0584
"42 Carter St. BH, QC",14.69342,121.09056,Cubao,14.62007,121.05947
"42 Carter St. FP4 BH, QC",14.69342,121.09056,Litex Market,14.68472,121.09774
"42 Kalinisan St. BH, QC",14.68646,121.09209,Techno hub,14.682,121.08509
"42 Lunduyan Talanay St. BH, QC",14.68269,121.1005,St. Peter Church,14.68057,121.09355
"42B Carter St., Freedom Park 4, BH, QC",14.69342,121.09056,Litex Market,14.68472,121.09774
"43 Carter St. FP4 BH, QC",14.69342,121.09056,Fort Bonifacio,14.5296,121.0239
"43 Sampaloc St. BH, QC",14.68497,121.093,Talanay Palengke,14.68843,121.07453
43B Sampaloc St. BH QC,14.68497,121.093,Tandang Sora,14.68025,121.04065
"43B Sampaloc St. BH, QC",14.68497,121.093,Marikina,14.64907,121.104973
"43B Sampaloc St. BH, QC",14.68497,121.093,"Palengke, Kagawad Road",14.68205,121.09848
"44 Legislative St., BH, QC",14.6876,121.09696,Veterans Hospital,14.65638889,121.0402778
"45 Everlasting St., BH, QC",14.70074,121.09314,"V-Luna, behind LTO",14.67861,121.11237
"45 Sinagtala St., BH, QC",14.68659,121.09552,Ever Gotesco,14.68472,121.09774
"45 Sinagtala St., BH, QC",14.68659,121.09552,"Jollibee, Villongco Comm.",14.68843,121.07453
"45 Sinagtala St., BH, QC",14.68659,121.09552,"Talipapa, Kasayahan St.",14.68748,121.09312
"45B Kasayahan St., BH, QC",14.68748,121.09312,Ever Gotesco,14.68472,121.09774
"45B Kasayahan St., BH, QC",14.68748,121.09312,Sandigan,14.68472,121.09774
"46 Legislative St., BH, QC",14.6876,121.09696,Ortigas,14.58924,121.07101
"46B Kasayahan St., BH, QC",14.68748,121.09312,"Talipapa, Kasayahan St.",14.68748,121.09312
"47 De Gloria Ext., Taniman, BH, QC",14.68094,121.10044,"Talipapa, De Gloria St.",14.68094,121.10044
"47 Katangian St., BH, QC",14.67825,121.10591,"Araneta, Cubao",14.62007,121.05947
"49 Congressional St., BH, QC",14.68776,121.09701,Constitution Market,14.69064,121.09661
"4P Sampaloc St.BH, QC",14.68497,121.093,Sandiganbayan,14.68843,121.07453
"5 Eagle St., BH, QC",14.70784,121.10491,Constitution Market,14.69064,121.09661
"5 Latundan St., Talanay Area B, BH, QC",14.68269,121.1005,"Technohub, Philcoa",14.68843,121.07453
"50 Jonah St., Freedom Park 6, BH, QC",14.69342,121.09056,Commonwealth Market,14.682,121.08509
"51 Katuparan St., BH, QC",14.6968,121.09092,Commonwealth Market,14.682,121.08509
"51 Lunduyan St. BH, QC",14.68391,121.10914,St. Peter Church,14.68057,121.09355
"54 Clinton St. FP4 BH, QC",14.69342,121.09056,St. Peter,14.63805,120.99868
"54 Fancy St., Kagawad Road, BH, QC",14.68205,121.09848,Batoda Terminal,14.68472,121.09774
"54 Masaya St., Freedom Park 2, BH, QC",14.69342,121.09056,Kristong Hari Parish,14.6251,121.03335
"55 Kaunlaran Ext. BH, QC",14.68856,121.09167,Morayta Nicanor Reyes St.,14.60422,120.98776
"55 Lunduyan Ext. BH, QC",14.68391,121.10914,Lunduyan Talanay Talipapa,14.6872,121.0248
"55 Lunduyan St., BH, QC",14.68391,121.10914,Concentrix UP Technohub Bldg.,14.6562925,121.0545006
"55 Lundyan Talanay Area A BH, QC",14.68269,121.1005,San Antonio De Padua Church,14.68768,121.02284
"58 Kalinisan St. BH, QC",14.68646,121.09209,Sandigan Market,14.68472,121.09774
"6 Consitution Hills, BH, QC",14.68472,121.09774,Litex Market,14.68472,121.09774
"66 De Gloria Ext. Taniman BH, QC",14.68094,121.10044,Pablo Compound Diliman,14.65463,121.0584
"66B Sitio 3, Congressional Rd., BH, QC",14.6876,121.09696,PCCAES,14.68472,121.09774
"67 Kalinisan St. BH, QC",14.68646,121.09209,Shopwise - Ever,14.70601,121.08698
"68 Alley 6, BH, QC",14.66384,121.04166,"Talipapa, Kalayaan B",14.69186,121.08823
"6B Sampaloc St. BH, QC",14.68283,121.10916,Manggahan,14.682,121.08509
"7 Kalusugan St. BH, QC",14.68646,121.08948,"Talipapa, Kalusugan",14.68964,121.02275
"7 Katangian St, BH, QC",14.68646,121.09209,"Bonifacio, Makati",14.57391,121.02519
"7 Señorita St. Talanay A, BH, QC",14.68269,121.1005,Loyola Heights Esteban Abada,14.64111,121.0744
"70 Fortune St. FP4 BH, QC",14.69342,121.09056,Ever Commonwealth,14.68472,121.09774
"70 Katuparan St. BH, QC",14.6968,121.09092,Cubao,14.62007,121.05947
"71 De GLoria Ext. Taniman BH, QC",14.68094,121.10044,"Talipapa, Taniman",14.68474,121.02354
"71 De Gloria Ext., Taniman, BH, QC",14.68094,121.10044,Philcoa,14.68843,121.07453
"72 De Gloria Ext., Taniman, BH, QC",14.68094,121.10044,"Puregold, Don Antonio",14.67657,121.08694
"72 Ilang-ilang St., BH, QC",14.68479,121.08861,"Puregold, Banaba",14.27842,120.99526
"72 Kasayahan St., BH, QC",14.68748,121.09312,"Puregold, Banaba",14.27842,120.99526
"72 Kasayahan St., BH, QC",14.68748,121.09312,"Talipapa, Kasayahan St.",14.68748,121.09312
"78 De Gloria Ext., Taniman, BH, QC",14.68094,121.10044,"Freedom Park, Batasan",14.69342,121.09056
"7B Kagawad Rd. Sampaloc St. BH, QC",14.67935,121.10507,Shopwise Commonwealth,14.70601,121.08698
"7B Sampaloc St. BH, QC",14.67935,121.10507,Pasig,14.55982,121.080643
"7B Sampaloc St. BH, QC",14.67935,121.10507,"Talanay, Palengke",14.68843,121.07453
"8 Latundan St., Talanay Area B, BH, QC",14.68269,121.1005,"Shopwise, Don Antonio",14.70601,121.08698
"80-B Carter St., Freedom Park 4, BH, QC",14.69342,121.09056,Constitution Market,14.69064,121.09661
"81 Carter St., Freedom Park 4, BH, QC",14.69342,121.09056,Kristong Hari Parish,14.6251,121.03335
"81 De Gloria Ext., Taniman, BH, QC",14.68094,121.10044,SM Fairview,14.70326,121.07073
"84 De Gloria St., BH, QC",14.68094,121.10044,"Saret, Talipapa",14.67722222,121.0144444
"86 Lunduyan ext. BH, QC",14.68464,121.10523,Christ the King Church,14.68472,121.09774
"88 De Gloria Ext., Taniman, BH, QC",14.68094,121.10044,Ever Gotesco,14.68472,121.09774
"88 De Gloria St. Ext., Taniman, BH, QC",14.68094,121.10044,QC City Hall,14.68843,121.07453
"90 Lunduyan Extension BH, QC",14.68464,121.10523,East Avenue Hospital,14.64078,121.0468
"93 Kalinisan St. FP2 BH, QC",14.68646,121.09209,Fairview,14.70326,121.07073
"93 Senatorial Rd., BH, QC",14.68511,121.09773,Constitution Market,14.69064,121.09661
"94 Senatorial Rd., BH, QC",14.68511,121.09773,Constitution Market,14.69064,121.09661
"96A Dama de Noche St., Freedom Park 4, BH, QC",14.69342,121.09056,Ever Gotesco,14.68472,121.09774
"98 Congressional Rd., BH, QC",14.68776,121.09701,"EDSA, Cubao",14.62007,121.05947
"98 Kalusugan St., BH, QC",14.68646,121.08948,"Aurora Tower, Aurora Blvd",14.62047,121.04762
"98 Senatorial Rd., BH, QC",14.68511,121.09773,Ever Gotesco,14.68472,121.09774
"A3-96 De Gloria Ext. Taniman BH, QC",14.68094,121.10044,"Talipapa, Taniman",14.68474,121.02354
"Avocado St. De Gloria Ext. Taniman BH, QC",14.68094,121.10044,Quezon Ave.,14.63541,121.02356
"B1 L25 Kalusugan St. BH, QC",14.68646,121.08948,Ever Commonwealth,14.68472,121.09774
"B1 L26 Kalusugan St. BH, QC",14.68646,121.08948,"Talipapa, Kalusugan",14.68964,121.02275
"B4 L2 Kagandahan St. BH, QC",14.68727,121.0907,Commonwealth Market,14.682,121.08509
"B6 L5 Soldiers Home, BH, QC",14.68435,121.09098,Brgy. Batasan,14.68472,121.09774
"B6 L7 Soldiers Home BH, QC",14.68435,121.09098,Consti Market,14.69064,121.09661
"B7 L4 Soldiers home, BH, QC",14.68435,121.09098,Ortigas Edsa,14.59448,121.05679
"B8 Lot 4 Dama de Noche, Freedom Park 3, BH, QC",14.69342,121.09056,Litex Market,14.68472,121.09774
"Bills St. BH, QC",14.68506,121.0986,Puregold,14.69069,121.09667
"Blk 11 Lot 23 Lunduyan St. BH, QC",14.68436,121.10922,Commonwealth Market,14.682,121.08509
"Blk 15 Lot 21 Lunduyan St. BH, QC",14.68232,121.10949,Civil Service Commission Office,14.66377,121.00049
"Blk 6 Lot 9 Lunduyan St. BH, QC",14.68283,121.10916,Maclang Bautista General Hospital,14.71579,121.03587
Blk 7 Lot 6 Lunduyan St. BH QC,14.68283,121.10916,SM San Mateo,14.69069,121.09667
"Blk 8 Lot 4 Dama De Noche St. FP3 BH, QC",14.68506,121.0986,Sandigan,14.68472,121.09774
"Blk. 1 Lot 7 Kasayahan St. BH, QC",14.68748,121.09312,San Diego Elementary School,14.68633889,121.0948111
"Blk. 15 Lot 7 Lunduyan St. BH, QC",14.67935,121.10507,Ever Gotesco Commonwealth,14.70601,121.08698
"Blk. 6 Lot 10 Orchids St. FP3 BH, QC",14.69342,121.09056,Ever,14.70601,121.08698
"Blk6 Lot10 Orchids St., Freedom Park 3, BH, QC",14.69342,121.09056,Litex Market,14.68472,121.09774
"Congressional Rd., BH, QC",14.68776,121.09701,Commonwealth Market,14.682,121.08509
"Constitution Hills, BH, QC",14.6956,121.09509,Litex Market,14.68472,121.09774
"De Gloria Area B Talanay BH, QC",14.68094,121.10044,Don Antonio Puregold,14.67657,121.08694
"De Gloria Ext. Area B BH, QC",14.68094,121.10044,Consti Market,14.69064,121.09661
"De Gloria Ext. Area B Talanay BH, QC",14.68094,121.10044,Area B Market,14.68472,121.09774
"De Gloria Ext. BH, QC",14.68094,121.10044,SM San Mateo,14.69069,121.09667
"De Gloria Ext. BH, QC",14.68094,121.10044,Visaya's Ave,14.66471,121.04362
"De gloria ext. Talanay Area B BH, QC",14.68094,121.10044,Area B Market,14.68472,121.09774
"De gloria ext. Talanay Area B, BH, QC",14.68094,121.10044,Puregold Banaba,14.69069,121.09667
"De Gloria Ext. Talanay BH, QC",14.68094,121.10044,Area B Market,14.68472,121.09774
"De Gloria Ext. Talanay BH, QC",14.68094,121.10044,Area B Market,14.68472,121.09774
"De Gloria Ext. Talanay, BH, QC",14.68094,121.10044,Area B Market,14.68472,121.09774
"De Gloria Ext., BH, QC",14.68094,121.10044,"Puregold, San Mateo Rd.",14.69069,121.09667
"De Gloria Ext., Talanay B, BH, QC",14.68094,121.10044,Constitution Market,14.69064,121.09661
"De Gloria Ext., Talanay, BH, QC",14.68094,121.10044,Area B Market,14.68472,121.09774
"De Gloria St., Talanay Area B, BH, QC",14.68094,121.10044,Commonwealth Market,14.682,121.08509
"De Gloria Talanay Area B BH, QC",14.68094,121.10044,SM San Mateo,14.69069,121.09667
"Hill St., BH, QC",14.68057,121.09355,SM San Mateo,14.69069,121.09667
"III Santol St. De Gloria Taniman BH, QC",14.68094,121.10044,Techno hub,14.682,121.08509
"Ilang-ilang St., BH, QC",14.68479,121.08861,Ever Gotesco,14.68472,121.09774
"Ilang-ilang St., BH, QC",14.68479,121.08861,"Talipapa, Ilang-ilang St.",14.68479,121.08861
"Ilang-ilang St., BH, QC",14.68479,121.08861,"Talipapa, Ilang-ilang St.",14.68479,121.08861
"Ilang-ilang St., BH, QC",14.68479,121.08861,"Talipapa, Ilang-ilang St.",14.68479,121.08861
"Jonah St., Freedom Park, BH, QC",14.69342,121.09056,Constitution Market,14.69064,121.09661
"Kalinisan St., BH, QC",14.68646,121.09209,"Malibay, Pasay City",14.54361,120.99445
"Kapatiran St., BH, QC",14.68646,121.09209,Tandang Sora,14.68025,121.04065
"Katangian St., BH, QC",14.68646,121.09209,"Avon, Commonwealth Av",14.70642,121.06739
"Katangian St., BH, QC",14.68646,121.09209,"Forbes Park, Makati",14.54625,121.03786
"Katangian St., BH, QC",14.68646,121.09209,"Quiapo, Manila",14.5983,120.98808
"Langka St. Taniman, BH, QC",14.68305,121.10887,Consti Market,14.69064,121.09661
"Langka St. Taniman, BH, QC",14.68305,121.10887,Ever Gotesco,14.68472,121.09774
"Latundan St., BH, QC",14.68269,121.1005,"Banaba St., Batasan Hills",14.68472,121.09774
"Latundan St., Talanay B, BH, QC",14.68269,121.1005,"Talipapa, Kagawad Rd.",14.68412,121.09926
"Lot 15 Blk 33 Kabihasnan St. BH, QC",14.68161,121.10447,"Talipapa, Kalusugan",14.68964,121.02275
"Lot 6 Blk 7 Lunduyan St. BH, QC",14.68283,121.10916,Ever Gotesco,14.68472,121.09774
"Lunduyan ext. BH, QC",14.68057,121.09355,Commonwealth Market,14.682,121.08509
"Lunduyan ext. BH, QC",14.68057,121.09355,Don Antonio,14.67657,121.08694
"Lunduyan ext. BH, QC",14.68057,121.09355,"Meralco, Commonwealth Ave",14.70601,121.08698
"Lunduyan ext. BH, QC",14.68057,121.09355,Philcoa,14.68843,121.07453
"Lunduyan ext. BH, QC",14.68057,121.09355,Shaw Blvd.,14.59157,121.03131
"Lunduyan ext. BH, QC",14.68057,121.09355,Sta. Mesa Manila,14.59998,121.01637
"Lunduyan ext. BH, QC",14.68057,121.09355,Techno hub,14.682,121.08509
"Lunduyan Ext., BH, QC",14.68057,121.09355,Tandang Sora Site,14.68025,121.04065
"Lunduyan St, BH, QC",14.68057,121.09355,Commonwealth Market,14.682,121.08509
"Lunduyan St. BH, QC",14.68057,121.093552,BHNHS,14.68472,121.09774
"Lunduyan St. BH, QC",14.68057,121.093552,Commonwealth INC,14.67388778,121.0795947
"Lunduyan St. BH, QC",14.68057,121.093552,Commonwealth Market,14.682,121.08509
"Lunduyan St. BH, QC",14.68057,121.093552,Commonwealth Market,14.682,121.08509
"Lunduyan St. BH, QC",14.68057,121.093552,Commonwealth Market,14.682,121.08509
"Lunduyan St. BH, QC",14.68057,121.093552,Cubao Edsa,14.62007,121.05947
"Lunduyan St. BH, QC",14.68057,121.093552,Meralco Commonwealth,14.70601,121.08698
"Lunduyan St. BH, QC",14.68057,121.093552,PLDT Commonwealth Ave.,14.67622222,121.0815389
"Lunduyan St. BH, QC",14.68057,121.093552,Sandiganbayan,14.68843,121.07453
"Lunduyan St. BH, QC",14.68057,121.093552,SM San Mateo,14.69069,121.09667
"Lunduyan St. BH, QC",14.68057,121.093552,SM San Mateo,14.69069,121.09667
"Lunduyan St. BH, QC",14.68057,121.093552,Tandang Sora,14.68025,121.04065
"Lunduyan St., BH, QC",14.68057,121.093552,Cubao,14.62007,121.05947
"Lunduyan St., BH, QC",14.68057,121.093552,"Don Antonio, BH, QC",14.67164611,121.0755267
"Lunduyan St., BH, QC",14.68057,121.093552,Filinvest 2,14.68464,121.10523
"Lunduyan St., BH, QC",14.68057,121.093552,"Puregold Jr., San Mateo Rd,",14.69069,121.09667
"Lunduyan St., BH, QC",14.68057,121.093552,"Puregold Jr., San Mateo Rd.",14.69069,121.09667
"Lunduyan St., BH, QC",14.68057,121.093552,"Talipapa, Saret St.",14.68682,121.09922
"Lunduyan St., BH, QC",14.68057,121.093552,UP Diliman,14.65463,121.0584
"Lunduyan Talanay BH, QC",14.68057,121.09355,Commonwealth Market,14.682,121.08509
"Lunduyan Talanay BH, QC",14.68057,121.09355,East Ave.,14.64078,121.0468
"Lunduyan, Talanay, BH, QC",14.68057,121.09355,"Concentrix, UP Diliman",14.6562925,121.0545006
"Lunduyan, Talanay, BH, QC",14.68057,121.09355,SM San Mateo,14.69069,121.09667
"Noah St., Taniman, BH, QC",14.68057,121.09355,Sto. Domingo,14.68648,121.08523
"Noah St., Taniman, De Gloria Ext., BH, QC",14.68057,121.09355,St. Peter Parish,14.68057,121.09355
"Robinsons Galleria, Ortigas",14.59106111,121.0598472,"Puregold, Commonwealth",14.69069,121.09667
"Saret St., BH, QC",14.68682,121.09922,Philcoa,14.68843,121.07453
"Senatorial Rd., BH, QC",14.68511,121.09773,Commonwealth Market,14.682,121.08509
"Senatorial Rd., BH, QC",14.68511,121.09773,Constitution Market,14.69064,121.09661
"Session Road, BH, QC",14.68511,121.09773,"Palengke, Saret",14.68682,121.09922
"Session Road, BH, QC",14.68511,121.09773,QC City Hall,14.68843,121.07453
"Sitio 3, Legislative St., BH, QC",14.6876,121.09696,"Sapang Palay, Bulacan",14.83502,121.02814
"Sitio 4, Presidential Rd., BH, QC",14.6909,121.09539,Balintawak,14.657027,121.030479
"Sitio Kaliwa Patibay St. BH, QC",14.68769,121.09644,Techno hub,14.682,121.08509
"Sitio Kaliwa Patibay, BH, QC",14.68769,121.09644,Fairview,14.70326,121.07073
"Sitio Kaliwa St. BH, QC",14.68769,121.09644,Ever Commonwealth,14.68472,121.09774
"Sitio Kaliwa St. Ptibay BH, QC",14.68769,121.09644,Ever Commonwealth,14.68472,121.09774
"Sitio Kaliwa, BH, QC",14.68769,121.09644,Techno hub,14.682,121.08509
"Sitio Paayong, De Gloria, Taniman, BH,QC",14.68094,121.10044,"Old Balara, Tandang Sora",14.66363,121.07353
Sitio Payong Batasan QC,14.68769,121.09644,Area B Market,14.68472,121.09774
"Sitio Payong BH, QC",14.68769,121.09644,Area B Market,14.68472,121.09774
"Sitio Payong BH, QC",14.68769,121.09644,Commonwealth INC,14.67388778,121.0795947
"Sitio Payong BH, QC",14.68769,121.09644,Commonwealth Market,14.682,121.08509
"Sitio Payong BH, QC",14.68769,121.09644,Consti Market,14.69064,121.09661
"Sitio Payong BH, QC",14.68769,121.09644,Ever Gotesco Commonwealth,14.70601,121.08698
"Sitio Payong BH, QC",14.68769,121.09644,Jollibee Commonwealth,14.70642,121.06739
"Sitio Payong BH, QC",14.68769,121.09644,Litex Market,14.68472,121.09774
"Sitio Payong BH, QC",14.68769,121.09644,Puregold Banaba,14.69069,121.09667
"Sitio Payong BH, QC",14.68769,121.09644,Techno hub,14.682,121.08509
"Sitio Payong De Gloria Ext. BH, QC",14.68094,121.10044,Consti Market,14.69064,121.09661
"Sitio Payong De Gloria Ext., BH, QC",14.68094,121.10044,Commonwealth Market,14.682,121.08509
"Sitio Payong Talanay BH, QC",14.68769,121.09644,Consti Market,14.69064,121.09661
"Sitio Payong Talanay BH, QC",14.68769,121.09644,Ortigas,14.58924,121.07101
"Sitio Payong Talanay BH, QC",14.68769,121.09644,Puregold Banaba,14.69069,121.09667
"Sitio Payong Talanay, BH, QC",14.68769,121.09644,Ortigas Ave.,14.59448,121.05679
"Sitio Payong Talanay, BH, QC",14.68769,121.09644,Philcoa,14.68843,121.07453
"Sitio Payong, BH, QC",14.68769,121.09644,Ever,14.70601,121.08698
"Sitio Payong, BH, QC",14.68769,121.09644,Ever Gotesco,14.68472,121.09774
"Sitio Payong, BH, QC",14.68769,121.09644,Litex Market,14.68472,121.09774
"Sitio Payong, BH, QC",14.68769,121.09644,"Puregold, Don Antonio branch",14.67657,121.08694
"Sitio Payong, BH, QC",14.68769,121.09644,"Sto. Domingo, Quezon Ave",14.63755,121.00563
"Sitio Payong, Talanay B, BH, QC",14.68769,121.09644,"Project 8, QC",14.67168,121.02503
"Sitio Payong, Talanay, BH, QC",14.68769,121.09644,Commonwealth Market,14.682,121.08509
"Sitio Payong, Talanay, BH, QC",14.68769,121.09644,SM North,14.657027,121.030479
"Sitio Payong, Talanay, BH, QC",14.68769,121.09644,SM North,14.657027,121.030479
"Sitio Payong, Talanay, BH, QC",14.68769,121.09644,SM San Mateo,14.69069,121.09667
"Sitio Payong, Talanay, BH, QC",14.68769,121.09644,UP Technohub,14.64874,121.05615
"Sitio, Payong BH, QC",14.68769,121.09644,SM North,14.657027,121.030479
"Soldier home BH, QC",14.68435,121.09098,Munoz,14.67620833,121.0438611
"Soldiers Home BH, QC",14.68435,121.09098,Consti Market,14.69064,121.09661
"Soldiers home, BH, QC",14.68435,121.09098,Consti Market,14.69064,121.09661
"Talanay Area B, Taniman, BH, QC",14.69186,121.08823,SM San Mateo,14.69069,121.09667
"Taniman, BH, QC",14.68474,121.02354,Puregold Banaba,14.69069,121.09667